Original,Asset ID,ISRC,Title,Custom ID,UPC,Artist,Genre,Ownership,Ratio,Match Policy,,Refrence File
TCAAR1043830,A120142803312571,TCAAR1043830,"#1S In The Sun",none,none,"Jazz Essentials",none,"","",unknown,"",
TCAAZ1185017,A751005058388375,TCAAZ1185017,"??? Lullaby",none,none,"Asian Lullabies",none,"","",unknown,"",
USTCG1078614,A326674399088309,USTCG1078614,"Ocean Wave Sounds",none,859704230998,"Ocean Wave Sounds",Moods,"Indmusic-100","Indmusic-exclude",monetize,"",TRUE
TCAAT1087781,A322197446177060,TCAAT1087781,"100 Piano Classics",none,none,"100 Piano Classics",none,"","",unknown,"",
TCAAX1113189,A558582704542031,TCAAX1113189,"2010",none,none,"Dubstep Consort",none,"","",unknown,"",
TCAAX1113191,A746400085386522,TCAAX1113191,"2011",none,none,"Dubstep Consort",none,"","",unknown,"",
TCAAU1135195,A924379694299838,TCAAU1135195,"42Nd Street",none,none,"Romantic Dinner Party Music",none,"","",unknown,"",
TCAAR1072648,A110036837918877,TCAAR1071591,"Ocean's Edge",none,859704499111,"Nature Sounds & Native American Flute for Relaxing Sleep, Massage, Yoga & Spas",World,"Indmusic-100","Indmusic-exclude",monetize,"",TRUE
TCAAU1173549,A816021462207937,TCAAU1173549,"60 Inch Tam Tam For Zen Meditation",none,none,"Zen Meditation",none,"","",unknown,"",
TCAAT1084099,A751637312417408,TCAAT1084099,"7 Chakras",none,none,"Yoga and Chakra Flutes",none,"","",unknown,"",
TCABB1134744,A340052044948053,TCABB1134744,"A Band Of Ghouls",none,none,"Scary Halloween Music",none,"","",unknown,"",
TCAAW1157632,A310547132777709,TCAAW1157632,"A Better Day",none,none,"Inspirational Piano Music",Instrumental,"","",unknown,"",
TCAAY1193020,A466248048254425,TCAAY1193020,"A Chakra Meditation",none,none,"Meditation",none,"","",unknown,"",
TCAAY1193021,A604206407835566,TCAAY1193021,"A Chakra Meditation No. 2",none,none,"Meditation",none,"","",unknown,"",
TCAAS1094481,A461569183935687,TCAAS1094481,"A Christmas Carol",none,none,"Christmas Angels",none,"","",unknown,"",
TCAAR1094885,A465377105706511,TCAAR1094885,"A Day In The Forest",none,none,"Michael Silverman",none,"","",unknown,"",
TCAAR1092814,A972732292237089,TCAAR1092814,"A Day To Remember",none,none,"Piano Love Songs",none,"","",unknown,"",
TCAAS1094489,A312322856092521,TCAAS1094489,"A Dream On Christmas Morning",none,none,"Christmas Angels",none,"","",unknown,"",
USTCG1051111,A539455569747203,USTCG1051111,"A Great Day In Harlem",none,none,"Jazz Connection",none,"","",unknown,"",
USTCF1097779,A964639888820005,USTCF1097779,"A Little Bit of This",none,859703981594,"Rob Silverman",Jazz,"Indmusic-100","Indmusic-exclude",monetize,"",TRUE
USTCD1077352,A210134326502844,USTCD1077352,"A Little Night Music",none,none,"Nursery Rhymes and Lullabies",none,"","",unknown,"",
USTC60811435,A737907161086162,USTC60811435,"A Little Night Music By Mozart",none,none,"All Time Favorite Children's Songs",none,"","",unknown,"",
USTCD1055878,A617078310925264,USTCD1055878,"A Little Night Rock",none,none,"Jazz Rock Fusion",none,"","",unknown,"",
USTCD1000206,A818593704112397,USTCD1000206,"A Lullaby By Bach",none,none,"Smart Baby Lullaby",none,"","",unknown,"",
TCAAX1141755,A176284591701260,TCAAX1141755,"A New Age For Man",none,none,"Cousteau: New Age Piano",none,"","",unknown,"",
TCAAU1176881,A539168100185357,TCAAU1176881,"A New Day",none,none,"Recovery: Relaxation, Meditation and Yoga Mus",none,"","",unknown,"",
TCAAW1152211,A348773664234206,TCAAW1152211,"A New You",none,none,"Yoga Class",none,"","",unknown,"",
TCABS1324795,A777779222393200,TCABS1324795,"A New You",none,859711672231,"Michael Silverman",Moods,"Indmusic-100","Indmusic-exclude",monetize,"",TRUE
TCAAR1067187,A658406136273850,TCAAR1067187,"A Relaxing Morning At The Lake For Relaxation, Meditation An",none,none,"Relaxation and Meditation",none,"","",unknown,"",
TCAAR1044066,A468404693286409,TCAAR1044066,"A Smooth Jazz Nightlife",none,none,"Smooth Jazz Crusaders, Smooth Jazz Crusaders,",none,"","",unknown,"",
USTCB0953570,A163010571420629,USTCB0953570,"A Walk In The Forest",none,none,"Michael Silverman",none,"","",unknown,"",
TCAAY1110918,A364588339397555,TCAAY1110918,"A Work In Progress",none,none,"Autumn Hill Production Music Library",none,"","",unknown,"",
USTCD1062321,A242479276579560,USTCD1062321,"Abide With Me",none,none,"Michael Silverman",none,"","",unknown,"",
TCAAY1112187,A723648604213162,TCAAY1112187,"Abs Workout",none,none,"Workout Hits",none,"","",unknown,"",no status
TCAAU1122339,A614279283713702,TCAAU1122339,"Absolute Sleep",none,none,"Your Baby Sleep Help",none,"","",unknown,"",
TCAAR1078594,A372919288487118,TCAAR1078594,"Absolute Sleep Music",none,none,"Deep Sleep",none,"","",unknown,"",
TCAAS1050514,A969301604279188,TCAAS1050514,"Absolution",none,none,"Jesus Christ",none,"","",unknown,"",
TCAAU1177042,A768574247435449,TCAAU1177042,"Academy",none,none,"Chinese Music",none,"","",unknown,"",
TCAAU1106537,A403920285709332,TCAAU1106537,"Acapella",none,none,"Acapella",none,"","",unknown,"",
USTCD1086988,A410726034512197,USTCD1086988,"Acceptance",none,none,"Music Therapy Center of Creve Couer",none,"","",unknown,"",
USTC60810129,A863281309883048,USTC60810129,"Acoustic Guitar Music for Massage",none,none,"Ahanu Music for Spa, Massage, Meditation, Tai Chi and Relaxation",none,"","",unknown,"",
TCAAU1120499,A146299937483577,TCAAU1120499,"Across The Sea",none,none,"World Music For The New Age",none,"","",unknown,"",
USTCE1092100,A906959886658556,USTCE1092100,"Adagio #2",none,none,"Michael Silverman",none,"","",unknown,"",
USTCE1093863,A165622436767599,USTCE1093863,"Adagio #3",none,none,"Michael Silverman",none,"","",unknown,"",
USTCD1095118,A835059543929991,USTCD1095118,"Adagio",none,none,"Michael Silverman and the Debussy Consort",none,"","",unknown,"",
USTCG1094323,A848059653307792,USTCG1094323,"Adagio For Balances",none,none,"Ballet L'ecole",none,"","",unknown,"",
USTCE1093861,A604995337189977,USTCE1093861,"Adagio #4",none,none,"Michael Silverman",none,"","",unknown,"",
USTCF1078815,A405198121486021,USTCF1078815,"Adagio For Hannah",none,none,"Michael Silverman",none,"","",unknown,"",
USTCG1094324,A459726928357864,USTCG1094324,"Adagio For Ballet",none,none,"Ballet L'ecole",none,"","",unknown,"",
TCAAU1136821,A427837868193995,TCAAU1136821,"Adagio No. 2",none,none,"Relaxing Classical Piano Music",none,"","",unknown,"",
USTCG1070337,A813682711094888,USTCG1070337,"Adagio Part 2",none,none,"New Age Piano Masters",none,"","",unknown,"",
USTCB0951443,A422429579028508,USTCB0951443,"Adagio Piano",none,none,"Michael Silverman",none,"","",unknown,"",
USTCG1094215,A105230209436024,USTCG1094215,"Adagio Pirouette - Ludwig Van Beethoven - Moonlight Sonata F",none,none,"Ballet L'ecole",none,"","",unknown,"",
TCAAU1176879,A629252410885812,TCAAU1176879,"Addiction Recovery",none,none,"Recovery: Relaxation, Meditation and Yoga Mus",none,"","",unknown,"",
TCAAT1056424,A641863809256553,TCAAT1056424,"Adeste Fidelis (O, Come All Ye Faithful)",none,none,"Adeste Fidelis",none,"","",unknown,"",
TCAAS1003185,A755275404602251,TCAAS1003185,"Adrican Beats - Bongos",none,none,"Soukouss Ta: African Drums and Music",none,"","",unknown,"",
TCABB1100789,A816882556576821,TCABB1100789,"Adventure",none,none,"Tantric Massage",none,"","",unknown,"",
TCAAY1124335,A570120095568291,TCAAY1124335,"Aerobics",none,none,"Work Out Music",Other,"","",unknown,"",
USTCD1086987,A559398428897016,USTCD1086987,"Affirmation",none,none,"Music Therapy Center of Creve Couer",none,"","",unknown,"",
USTC00989824,A670468169763613,USTC00989824,"Affirmation: Weight Loss",none,none,"Weight Loss Specialists",none,"","",unknown,"",
TCAAW1177123,A916422194422730,TCAAW1177123,"Africa",none,none,"World Beat",none,"","",unknown,"",
TCAAS1003197,A447971389232992,TCAAS1003197,"African Agogo",none,none,"Soukouss Ta: African Drums and Music",none,"","",unknown,"",
TCAAW1162292,A926312781267951,TCAAW1162292,"African Beat",none,none,"Samba Fitness",none,"","",unknown,"",
TCAAW1177126,A500166725923203,TCAAW1177126,"African Congo",none,none,"World Beat",none,"","",unknown,"",
TCAAS1001989,A736301142168575,TCAAS1001989,"African Congo Drums",none,none,"Soukouss Ta: African Drums and Music",none,"","",unknown,"",
TCAAS1001982,A622629676925780,TCAAS1001982,"African Dance",none,none,"Soukouss Ta: African Drums and Music",none,"","",unknown,"",
TCAAS1003227,A931683819257030,TCAAS1003227,"African Dance Class Drumming",none,none,"Bang - African Djembe Music",none,"","",unknown,"",
TCAAR1076367,A742008635544324,TCAAR1076367,"African Dance Drums",none,none,"African Drums",none,"","",unknown,"",
TCAAR1076355,A831780797364267,TCAAR1076355,"African Djembe",none,none,"African Drums",none,"","",unknown,"",
TCAAW1156382,A843039272232822,TCAAW1156382,"African Djembe Drums",none,none,"World Beat",none,"","",unknown,"",
USTC50889568,A259351425147958,USTC50889568,"African Drum Solo",none,859700805398,"Anthem Drums",Rock,"Indmusic-100","Indmusic-exclude",monetize,"",TRUE
TCAAS1003196,A710460536496179,TCAAS1003196,"African Drumming",none,none,"Soukouss Ta: African Drums and Music",none,"","",unknown,"",
TCAAW1156368,A359053990307028,TCAAW1156368,"African Drums",none,none,"World Beat",none,"","",unknown,"",
TCAAS1001966,A374980347196571,TCAAS1001966,"African Drums - Dance Drums With Djembe And Djun Djun",none,none,"Soukouss Ta: African Drums and Music",none,"","",unknown,"",
TCAAR1076370,A719157950043210,TCAAR1076370,"African Drums And Soukous",none,none,"African Drums",none,"","",unknown,"",
TCAAW1177127,A307632184782060,TCAAW1177127,"African Drums And Soukouss",none,none,"World Beat",none,"","",unknown,"",
TCAAW1177130,A204274464821692,TCAAW1177130,"African Drums Music",none,none,"World Beat",none,"","",unknown,"",
TCAAS1003178,A944535621010438,TCAAS1003178,"African Drums Of The Eastern Congo",none,none,"Soukouss Ta: African Drums and Music",none,"","",unknown,"",
TCAAW1197497,A162194044061122,TCAAW1197497,"African Dub",none,none,"African",none,"","",unknown,"",
TCAAX1196045,A555908271925973,TCAAX1196045,"African Experience",none,none,"Autumn Hill Production Music Library",none,"","",unknown,"",
TCAAR1076356,A304387778266779,TCAAR1076356,"African Jembe Drums Of Sierra Leone",none,none,"African Drums",none,"","",unknown,"",
TCAAU1121689,A523223361685270,TCAAU1121689,"African Journey",none,none,"World Music For The New Age",none,"","",unknown,"",
TCAAX1196047,A213748132099873,TCAAX1196047,"African Jungle Drums",none,none,"Autumn Hill Production Music Library",none,"","",unknown,"",
TCAAS1001975,A862898031001059,TCAAS1001975,"African Meditation Drums",none,none,"Soukouss Ta: African Drums and Music",none,"","",unknown,"",
TCAAW1197475,A303630366921148,TCAAW1197475,"African Music",none,none,"African",none,"","",unknown,"",
TCAAW1197494,A859194420335999,TCAAW1197494,"African Music Experience",none,none,"African",none,"","",unknown,"",
TCAAW1197476,A365015825120256,TCAAW1197476,"African Music Radio",none,none,"African",none,"","",unknown,"",
TCAAS1002724,A526920231000353,TCAAS1002724,"African Parade",none,none,"Bang - African Djembe Music",none,"","",unknown,"",
TCAAR1076352,A277476423633098,TCAAR1076352,"African Party Drums",none,none,"African Drums",none,"","",unknown,"",
TCAAW1197488,A339667975129839,TCAAW1197488,"African Safari",none,none,"African",none,"","",unknown,"",
TCAAW1152311,A223411488731840,TCAAW1152311,"African Samba",none,none,"Dance Class",none,"","",unknown,"",
TCAAW1156350,A628925298174734,TCAAW1156350,"African Samba Music",none,none,"World Beat",none,"","",unknown,"",
TCAAR1076261,A472785675332225,TCAAR1076261,"African Sky",none,none,"African Drums",none,"","",unknown,"",
TCAAS1003198,A215328620963217,TCAAS1003198,"African Slasa",none,none,"Soukouss Ta: African Drums and Music",none,"","",unknown,"",
TCAAR1076365,A603702546865909,TCAAR1076365,"African Sunset",none,none,"African Drums",none,"","",unknown,"",
TCAAS1001990,A274368399062173,TCAAS1001990,"African Thunder Drums - Drums Of The Mountains",none,none,"Soukouss Ta: African Drums and Music",none,"","",unknown,"",
TCAAS1002718,A564338869727524,TCAAS1002718,"African Tribal Drums",none,none,"Bang - African Djembe Music",none,"","",unknown,"",
TCAAR1076358,A658897800589087,TCAAR1076358,"African Tribal Music",none,none,"African Drums",none,"","",unknown,"",
TCAAW1156362,A140193394914330,TCAAW1156362,"African World Beat",none,none,"World Beat",none,"","",unknown,"",
USTC50872279,A334362569877272,USTC50872279,"After Dark",none,none,"Michael Silverman",none,"","",unknown,"",no status
TCAAU1182420,A627808296439144,TCAAU1182420,"Afternoon Thunderstorm",none,none,"Nature Sounds and Music for Sleep and Relaxat",none,"","",unknown,"",
TCAAR1068466,A629545376069150,TCAAR1068466,"Afternoon Tropical Rain",none,none,"Relaxation and Meditation",none,"","",unknown,"",
TCABS1325117,A227140588392359,TCABS1325117,"Afternoon Tropical Rain",none,none,"Kachina",none,"","",unknown,"",no status
TCAAR1074663,A157429358674788,TCAAR1074663,"Afternoon Tropical Rain For Relaxing",none,none,"Relaxing Rain",none,"","",unknown,"",
TCAAR1004781,A640221437853385,TCAAR1004781,"Agua Curativa",none,none,"Mï¿œsica a Relajarse",none,"","",unknown,"",
TCAAS1002427,A729735704945737,TCAAS1002427,"Ahimsa",none,none,"Kundalini: Yoga, Meditation, Relaxation",none,"","",unknown,"",
TCAAT1044977,A728059307998136,TCAAT1044977,"Air",none,none,"The Christmas Collection",none,"","",unknown,"",
TCABS1324790,A601695828953032,TCABS1324790,"Air",none,859711672231,"Ahanu",Moods,"Indmusic-100","Indmusic-exclude",monetize,"",TRUE
TCAAU1120509,A308059186805499,TCAAU1120509,"Air Of Tibet",none,none,"World Music For The New Age",none,"","",unknown,"",
TCAAS1046394,A915191998952435,TCAAR1072832,"Shoreline_ Ocean Waters and Healing Waves",none,859704501906,"Relaxing Sounds of Nature",Moods,"","",monetize,"",
USTC60828432,A166740153672890,USTC60828432,"Aiyana (Eternal Blossom)",none,none,"American Indian Music",none,"","",unknown,"",
TCAAU1173566,A754372827785640,TCAAU1173566,"Akeside Ambience",none,none,"Zen Meditation",none,"","",unknown,"",
USTC60828455,A726227752843665,USTC60828455,"Algoma (Vally of Flowers)",none,none,"American Indian Music",none,"","",unknown,"",
TCAAR1044090,A930706299034860,TCAAR1044090,"All I Want Is You",none,none,"Oliver Philips Quartet & Oliver Philips Quart",none,"","",unknown,"",
TCAAR1062100,A216287807097198,TCAAR1062100,"All I Want Is You (Smooth Jazz)",none,none,"Smooth Jazz",none,"","",unknown,"",
TCAAR1023423,A146524170552079,TCAAR1023423,"All Night",none,none,"Deep Sleep Relaxation",none,"","",unknown,"",
TCAAX1113194,A135432155550913,TCAAX1113194,"All Out",none,none,"Dubstep Consort",none,"","",unknown,"",
USTCB0957989,A411844528397238,USTCB0957989,"All The Way My Savior Leads Me",none,none,"Michael Silverman",none,"","",unknown,"",
USTCF1097774,A547619827431788,USTCF1097774,"All the Worlds a Drum Solo",none,859703981594,"Rob Silverman",Jazz,"Indmusic-100","Indmusic-exclude",monetize,"",TRUE
USTCB0957986,A240876784346187,USTCB0957986,"All Things Are New Again",none,none,"Michael Silverman",none,"","",unknown,"",
USTC90936785,A458114583006514,USTC90936785,"All Through The Night",none,none,"Lullaby Renditions of Classic Children's Song",none,"","",unknown,"",
USTCF1027579,A273107352828642,USTCF1027579,"All Time Future And Past",none,none,"Seoul Music Ensemble",none,"","",unknown,"",
USTCG1094213,A259165021760850,USTCG1094213,"Allegro Tendu - Hungarian Dance #5 For Ballet",none,none,"Ballet L'ecole",none,"","",unknown,"",
USTC90961057,A226655767305143,USTC90961057,"Aloha Hawaii",none,none,"Hawaiian Music Party Squad",none,"","",unknown,"",
TCAAR1034509,A330860997821231,TCAAR1034509,"Aloha Luau",none,none,"Tropical Party Music",none,"","",unknown,"",
USTCD1070055,A460134083637112,USTCD1070055,"Alone",none,none,"Michael Silverman",none,"","",unknown,"",
TCAAR1031728,A716969456601354,TCAAR1031728,"Along The Shore",none,none,"Relaxation Music With Nature Sounds",none,"","",unknown,"",
USTCG1036509,A704293218023034,USTCG1036509,"Amadeus",none,none,"Classical Study Music",none,"","",unknown,"",
TCAAU1183516,A232628836924031,TCAAU1183516,"Amazon Ambience",none,none,"Nature Sounds",none,"","",unknown,"",
TCABS1324788,A615845404150360,TCABS1324788,"Amazon Rain Forest",none,859711672231,"Ahanu",Moods,"Indmusic-100","Indmusic-exclude",monetize,"",TRUE
USTCG1057832,A557829067840916,USTCG1057832,"Amazon Rainforest",none,none,"Meditation Dreams",none,"","",unknown,"",
TCABS1325118,A502991718421759,TCABS1325118,"Amazon Rainforest",none,none,"Sleep Sound Masters",none,"","",unknown,"",no status
TCAAR1068465,A641253260853404,TCAAR1068465,"Amazon Rainforest - Birds And Nature Sounds",none,none,"Relaxation and Meditation",none,"","",unknown,"",
TCAAU1173561,A166150086056600,TCAAU1173561,"Amazon Rainforest Ambience",none,none,"Zen Meditation",none,"","",unknown,"",
USTCF1007035,A575926386630798,USTCF1007035,"Amazon Rainforest For Sleeping Baby Mp3",none,none,"Sleep Baby Sleep",none,"","",unknown,"",
TCAAR1013206,A260502042271488,TCAAR1013206,"Amazon Rainforest Nature Sounds And Music",none,none,"Sleep and Meditation Group",none,"","",unknown,"",
USTCG1089457,A847677195340995,USTCG1089457,"Amazon Rainforest Relaxation",none,none,"Best of Relaxing Meditation and Massage Music",none,"","",unknown,"",
USTCE1096752,A465650625632078,USTCE1096752,"Amazon Relaxation Music",none,none,"Nature Sounds Meditation",none,"","",unknown,"",
TCAAZ1126819,A740450361722907,TCAAZ1126819,"Ambiance Lite Relaxing",none,none,"Relaxation Spa Music Masters",none,"","",unknown,"",
TCAAT1062915,A713623933917918,TCAAT1062915,"Ambience",none,none,"Restaurant Music",none,"","",unknown,"",
TCAAU1173556,A961828490149164,TCAAU1173556,"Ambient Aum Chant",none,none,"Zen Meditation",none,"","",unknown,"",
USTCG1056264,A662642544755914,USTCG1056264,"Ambient Cloud Of Light",none,none,"Celtic Angels",none,"","",unknown,"",
USTCG1095953,A716707735435650,USTCG1095953,"Ambient Clouds Of Light",none,none,"Celtic Spa Thunder and Lightning",none,"","",unknown,"",
TCAAY1198087,A875319547118845,TCAAY1198087,"Ambient Gong",none,none,"Zen Meditation",none,"","",unknown,"",
TCAAX1106496,A652468121287382,TCAAX1106496,"Ambient Healing Music",none,none,"Ambient Music Therapy",none,"","",unknown,"",
TCAAX1140847,A621295560512906,TCAAX1140847,"Ambient Meditation And Relaxation",none,none,"Cousteau: New Age Piano",none,"","",unknown,"",
TCAAW1165787,A518279711048758,TCAAW1165787,"Ambient Music",none,none,"Serenity Relaxation: Relaxing Music for Spa R",none,"","",unknown,"",
TCAAX1106489,A114252271774722,TCAAX1106489,"Ambient Music Therapy",none,none,"Ambient Music Therapy",none,"","",unknown,"",
TCAAX1175997,A454618652128587,TCAAX1175997,"Ambient Music With Sounds Of Soothing Ocean Waves",none,none,"Yoga",none,"","",unknown,"",
TCAAU1183528,A218765786238371,TCAAU1183528,"Ambient Nature Sound",none,none,"Nature Sounds",none,"","",unknown,"",
TCAAT1097615,A549443730443964,TCAAT1097615,"Ambient Nature Sounds",none,none,"Ahanu Nature Sounds",none,"","",unknown,"",
TCAAX1181060,A738600348361616,TCAAX1181060,"Ambient Nature Sounds No. 2",none,none,"Nature Sounds for Relaxation and Sleep",none,"","",unknown,"",
TCAAX1181061,A743516761181297,TCAAX1181061,"Ambient Nature Sounds No. 3",none,none,"Nature Sounds for Relaxation and Sleep",none,"","",unknown,"",
TCAAX1106505,A965352272632875,TCAAX1106505,"Ambient Oasis Sound",none,none,"Ambient Music Therapy",none,"","",unknown,"",
USTCG1072249,A838823224152800,USTCG1072249,"Ambient Ocean Waves",none,859704211768,"Ambient White Noise Ocean Waves",World,"Indmusic-100","Indmusic-exclude",monetize,"",TRUE
TCAAR1078709,A842070572857008,TCAAR1078709,"Ambient Sleep Aid",none,none,"Deep Sleep",none,"","",unknown,"",
TCAAX1106504,A269292294633830,TCAAX1106504,"Ambient Soundscapes",none,none,"Ambient Music Therapy",none,"","",unknown,"",
TCAAX1173579,A919909346840136,TCAAX1173579,"Ambient Soundscapes 2",none,none,"Soundscapes",none,"","",unknown,"",
TCAAU1173552,A163370066589613,TCAAU1173552,"Ambient Space",none,none,"Zen Meditation",none,"","",unknown,"",
TCAAU1173565,A116110678099711,TCAAU1173565,"Ambient White Noise",none,none,"Zen Meditation",none,"","",unknown,"",
TCAAR1013205,A509967003458042,TCAAR1013205,"Ambient White Sound And Piano Song For Meditation And Relaxa",none,none,"Sleep and Meditation Group",none,"","",unknown,"",
TCAAX1176002,A300931883293392,TCAAX1176002,"Ambient Yoga Music With Nature Sounds",none,none,"Yoga",none,"","",unknown,"",
TCAAX1151174,A209766851049643,TCAAX1151174,"Amen",none,none,"Gregorian Chant",none,"","",unknown,"",
TCAAR1029739,A560243759231150,TCAAR1029739,"Ancient Flute",none,none,"Native American Nature",none,"","",unknown,"",
USTCE1004555,A158214234571339,USTCE1004555,"Ananga-Ranga",none,none,"Meditation Spa",none,"","",unknown,"",
TCAAU1120515,A826080882901618,TCAAU1120515,"Ancient Future",none,none,"World Music For The New Age",none,"","",unknown,"",
USTCG1063885,A540845775754401,USTCG1063885,"Ancient Spirits",none,none,"Meditation Dreams",none,"","",unknown,"",
USTCG1087755,A712394287780581,USTCG1087755,"Ancient Voices",none,none,"Yoga Healing",none,"","",unknown,"",
TCABA1140575,A365173922333332,TCABA1140575,"Ancient Wind",none,none,"Koto",none,"","",unknown,"",
TCAAU1136813,A620926949505819,TCAAU1136813,"Andante",none,none,"Relaxing Classical Piano Music",none,"","",unknown,"",
TCAAU1120516,A634693155104631,TCAAU1120516,"Andean Flute",none,none,"World Music For The New Age",none,"","",unknown,"",
USTCB0953571,A326704517132843,USTCB0953571,"Angel",none,none,"Michael Silverman",none,"","",unknown,"",
,A742319161953574,undefined,"HDPVR 20140416 0859",none,none,"none",none,"anytv_affiliate-100","anytv_affiliate-exclude",unknown,"",no status
,Fp1HxLA2eCY,BRWMB9600978,"Primeiro Susto",none,none,"Zélia Duncan",none,"WMG-100","WMG-exclude",unknown,"",TRUE
,A253776014586204,undefined,"If students actually said what they think - Piques Vine",none,none,"none",none,"iktllnAq8x2z0SUukoyRcQ-100","iktllnAq8x2z0SUukoyRcQ-exclude",unknown,"",no status
,6tWuoMzwaxA,BRWMB9600975,"Experimenta",none,none,"Zélia Duncan",none,"WMG-100","WMG-exclude",unknown,"",TRUE
,A941474453697997,undefined,"Healthier Easter Basket Ideas",none,none,"none",none,"CAqOZdkmfHglaSegbgUmaQ-100","CAqOZdkmfHglaSegbgUmaQ-exclude",unknown,"",no status
,KkMvhhx5cr0,BRWMB9600980,"Vou Tirar Você do Dicionário / Citações: Barato Total / S.O.S.",none,none,"Zélia Duncan",none,"WMG-100","WMG-exclude",unknown,"",TRUE
,z5NDbS3H9zA,ES5029500040,"Cozumel",none,none,"Juan Perro",none,"SonyBMG-100","SonyBMG-include",unknown,"",TRUE
,zs64E-_UYh0,BRWMB9600983,"Assim Que Eu Gosto",none,none,"Zélia Duncan",none,"WMG-100","WMG-exclude",unknown,"",TRUE
,A567591776068670,undefined,"Sportovní kamera SJ4000 12 MPx a srovnání s GoPro Hero 3 - online prodej na www.chromeshop.cz",none,none,"none",none,"g-M1gvOUmdzzYePOLrmnqw-100","g-M1gvOUmdzzYePOLrmnqw-exclude",unknown,"",no status
,mQ1Uxf0U7zQ,BRWMB9600977,"Me Gusta",none,none,"Zélia Duncan",none,"WMG-100","WMG-exclude",unknown,"",TRUE
,SfA1wWmlpnA,BRWMB9600976,"A Diferença",none,none,"Zélia Duncan",none,"WMG-100","WMG-exclude",unknown,"",TRUE
,ku3Cjrbkuoo,BRWMB9600982,"Intimidade",none,none,"Zélia Duncan",none,"WMG-100","WMG-exclude",unknown,"",TRUE
,d2QUqecRQGc,BRWMB9600981,"Não Tem Volta",none,none,"Zélia Duncan",none,"WMG-100","WMG-exclude",unknown,"",TRUE
,A201080853867272,undefined,"Лунтик 2014 Постройка стены",none,none,"none",none,"IrikomUkraine-100","IrikomUkraine-exclude",unknown,"",no status
,A908124148748761,undefined,"Лунтик 2014: Лунтик и его друзья Обитатели воды",none,none,"none",none,"IrikomUkraine-100","IrikomUkraine-exclude",unknown,"",no status
,A837129645044353,undefined,"Лунтик 2014 В поисках мяча!",none,none,"none",none,"IrikomUkraine-100","IrikomUkraine-exclude",unknown,"",no status
,A533312766979144,undefined,"Лунтик 2014: Лунтик и его друзья Помощь пчеленку",none,none,"none",none,"IrikomUkraine-100","IrikomUkraine-exclude",unknown,"",no status
,A831651068472097,undefined,"Лунтик 2014 Красивые лилии",none,none,"none",none,"IrikomUkraine-100","IrikomUkraine-exclude",unknown,"",no status
,gt_Mn5_FY64,ES5029500039,"Fonda De Dolores",none,none,"Juan Perro",none,"SonyBMG-100","SonyBMG-include",unknown,"",TRUE
,A925343677971943,undefined,"Лунтик 2014 Крылья для бабочки",none,none,"none",none,"IrikomUkraine-100","IrikomUkraine-exclude",unknown,"",no status
,UJm_lkeapU4,ES5029500047,"El Barco De Agua",none,none,"Juan Perro",none,"SonyBMG-100","SonyBMG-include",unknown,"",TRUE
,Wp_O-n-Jb-I,ES5029500049,"Cuatro Cuentos",none,none,"Juan Perro",none,"SonyBMG-100","SonyBMG-include",unknown,"",TRUE
     ,A742319161953574,undefined,"HDPVR 20140416 0859",none,none,"none",none,"anytv_affiliate-100","anytv_affiliate-exclude",unknown,"",no status
,A461794766089887,undefined,"Лунтик 2014: Лунтик и его друзья  Часы",none,none,"none",none,"IrikomUkraine-100","IrikomUkraine-exclude",unknown,"",no status
     ,A941474453697997,undefined,"Healthier Easter Basket Ideas",none,none,"none",none,"CAqOZdkmfHglaSegbgUmaQ-100","CAqOZdkmfHglaSegbgUmaQ-exclude",unknown,"",no status
     ,A567591776068670,undefined,"Sportovní kamera SJ4000 12 MPx a srovnání s GoPro Hero 3 - online prodej na www.chromeshop.cz",none,none,"none",none,"g-M1gvOUmdzzYePOLrmnqw-100","g-M1gvOUmdzzYePOLrmnqw-exclude",unknown,"",no status
     ,A567749550579568,undefined,"NECR 417 leads CSO-4 south on 4/14/2014",none,none,"none",none,"Chessiecat97+user-100","Chessiecat97+user-exclude",unknown,"",no status
     ,A253776014586204,undefined,"If students actually said what they think - Piques Vine",none,none,"none",none,"iktllnAq8x2z0SUukoyRcQ-100","iktllnAq8x2z0SUukoyRcQ-exclude",unknown,"",no status
     ,Fp1HxLA2eCY,BRWMB9600978,"Primeiro Susto",none,none,"Zélia Duncan",none,"WMG-100","WMG-exclude",unknown,"",TRUE
     ,A336958639146966,undefined,"BLOODRAYNE 2 (PS2) Level 6 Part 9 Walkthrough",none,none,"none",none,"g-ePv_YdmYM8OxDusZrbEw-100","g-ePv_YdmYM8OxDusZrbEw-exclude",unknown,"",no status
     ,6tWuoMzwaxA,BRWMB9600975,"Experimenta",none,none,"Zélia Duncan",none,"WMG-100","WMG-exclude",unknown,"",TRUE
     ,KkMvhhx5cr0,BRWMB9600980,"Vou Tirar Você do Dicionário / Citações: Barato Total / S.O.S.",none,none,"Zélia Duncan",none,"WMG-100","WMG-exclude",unknown,"",TRUE
     ,mQ1Uxf0U7zQ,BRWMB9600977,"Me Gusta",none,none,"Zélia Duncan",none,"WMG-100","WMG-exclude",unknown,"",TRUE
     ,z5NDbS3H9zA,ES5029500040,"Cozumel",none,none,"Juan Perro",none,"SonyBMG-100","SonyBMG-include",unknown,"",TRUE
     ,zs64E-_UYh0,BRWMB9600983,"Assim Que Eu Gosto",none,none,"Zélia Duncan",none,"WMG-100","WMG-exclude",unknown,"",TRUE
     ,d2QUqecRQGc,BRWMB9600981,"Não Tem Volta",none,none,"Zélia Duncan",none,"WMG-100","WMG-exclude",unknown,"",TRUE
     ,SfA1wWmlpnA,BRWMB9600976,"A Diferença",none,none,"Zélia Duncan",none,"WMG-100","WMG-exclude",unknown,"",TRUE
     ,ku3Cjrbkuoo,BRWMB9600982,"Intimidade",none,none,"Zélia Duncan",none,"WMG-100","WMG-exclude",unknown,"",TRUE
     ,A201080853867272,undefined,"Лунтик 2014 Постройка стены",none,none,"none",none,"IrikomUkraine-100","IrikomUkraine-exclude",unknown,"",no status
     ,A908124148748761,undefined,"Лунтик 2014: Лунтик и его друзья Обитатели воды",none,none,"none",none,"IrikomUkraine-100","IrikomUkraine-exclude",unknown,"",no status
     ,A461794766089887,undefined,"Лунтик 2014: Лунтик и его друзья  Часы",none,none,"none",none,"IrikomUkraine-100","IrikomUkraine-exclude",unknown,"",no status
     ,A837129645044353,undefined,"Лунтик 2014 В поисках мяча!",none,none,"none",none,"IrikomUkraine-100","IrikomUkraine-exclude",unknown,"",no status
     ,A925810042312238,undefined,"Лунтик 2014: Лунтик и его друзья Тесто для Шера",none,none,"none",none,"IrikomUkraine-100","IrikomUkraine-exclude",unknown,"",no status
     ,A738578230329791,undefined,"Лунтик 2014 : Лунтик и его друзья Фокусы",none,none,"none",none,"IrikomUkraine-100","IrikomUkraine-exclude",unknown,"",no status
     ,A532735339478159,undefined,"CGRgameplay BLOODRAYNE 2 (PS2) Level 2 Part 1 Walkthrough",none,none,"none",none,"g-ePv_YdmYM8OxDusZrbEw-100","g-ePv_YdmYM8OxDusZrbEw-exclude",unknown,"",no status
     ,A803299888712236,undefined,"CGRgameplay UNREAL TOURNAMENT (Dreamcast) Domination Ladder Round 7 Part 1",none,none,"none",none,"g-ePv_YdmYM8OxDusZrbEw-100","g-ePv_YdmYM8OxDusZrbEw-exclude",unknown,"",no status
USTCG1056838,A464059194480655,USTCG1056838,"Angelicus: Voices Of Light",none,none,"Meditation Dreams",none,"","",unknown,"",
TCAAX1151169,A458199984543094,TCAAX1151169,"Angelis",none,none,"Gregorian Chant",none,"","",unknown,"",
TCAAS1092458,A871223818666081,TCAAS1092458,"Angels",none,none,"Angels",none,"","",unknown,"",
TCAAX1151152,A630364658751609,TCAAX1151152,"Angels Of Gregorian Chant",none,none,"Gregorian Chant",none,"","",unknown,"",
TCAAZ1168587,A209018708372167,TCAAZ1168587,"Angels Of Beijing",none,none,"Asian Lullabies",none,"","",unknown,"",
TCAAU1106553,A752877220859475,TCAAU1106553,"Angels Voices",none,none,"Acapella",none,"","",unknown,"",
USTCC1096215,A901034808521873,USTCC1096215,"Anma",none,none,"Japanese Relaxation and Meditation",none,"","",unknown,"",
TCAAW1155671,A554698040377228,TCAAW1155671,"Another Love",none,none,"Piano Love Songs: Classic Easy Listening Pian",none,"","",unknown,"",
TCAAX1132026,A547847525271848,TCAAX1132026,"Anshan",none,none,"Zen Spa Music: Asian Meditation",none,"","",unknown,"",
TCAAX1196053,A255726372946979,TCAAX1196053,"Apache Celebration Drumming",none,none,"Autumn Hill Production Music Library",none,"","",unknown,"",
USTC60826868,A808846762435381,USTC60826868,"Apache Indian Drums (Sedona)",none,none,"American Indian Music",none,"","",unknown,"",
TCAAW1156370,A722631050827391,TCAAW1156370,"Apache Indian Pow Wow",none,none,"World Beat",none,"","",unknown,"",
TCAAS1046388,A468923962365753,TCAAS1046388,"Architecture",none,859704612596,"Michael Silverman",Moods,"Indmusic-100","Indmusic-exclude",monetize,"",TRUE
USTCB0943263,A608672404852673,USTCB0943263,"Are You Sleeping",none,none,"Smart Baby Classical",none,"","",unknown,"",
USTCD1081659,A238970830269482,USTCD1081659,"Are You Sleeping (Brother John)",none,none,"Smart Baby Lullabies",none,"","",unknown,"",
USTCE1004563,A461163985422485,USTCE1004563,"Aromatherapy",none,none,"Meditation Spa",none,"","",unknown,"",
USTCE1003604,A741831808055422,USTCE1003604,"Aromatherapy Massage Sounds for Chakra Tune Up and Tantra",none,859703360351,"Meditation Spa",Moods,"Indmusic-100","Indmusic-exclude",monetize,"",TRUE
USTCG1067804,A457220574786632,USTCG1067804,"Aromatherapy Music",none,none,"Ahanu Healing Massage Music",none,"","",unknown,"",
USTCG1067809,A328849017412681,USTCG1067809,"Aromatherapy Natural Massage",none,none,"Ahanu Healing Massage Music",none,"","",unknown,"",
USTCE1004568,A327717573346879,USTCE1004568,"Artha: Material Prosperity",none,none,"Meditation Spa",none,"","",unknown,"",
USTCE1004580,A761705686433051,USTCE1004580,"Artistry",none,none,"Meditation Spa",none,"","",unknown,"",
TCAAR1023315,A755483704453920,TCAAR1023315,"As I Live And Breathe",none,none,"Lullabies for Deep Meditation",none,"","",unknown,"",
TCAAR1027203,A523570838816913,TCAAR1027203,"Asia Spa",none,none,"Asian Zen",none,"","",unknown,"",
TCAAR1027194,A804982716514090,TCAAR1027194,"Asia Yoga Dreams",none,none,"Asian Zen",none,"","",unknown,"",
TCAAX1191367,A332720159813085,TCAAX1191367,"Asian Ambience",none,none,"Autumn Hill Production Music Library",none,"","",unknown,"",
TCAAR1026770,A637324592737583,TCAAR1026770,"Asian Chakra Meditation",none,none,"Asian Zen",none,"","",unknown,"",
TCAAU1179877,A739228157675390,TCAAU1179877,"Asian Dance Music",none,none,"Oriental Music",none,"","",unknown,"",
USTCG1074373,A524227780965868,USTCG1074373,"Asian Forest",none,none,"Spa, Relaxation and Dreams",none,"","",unknown,"",
USTCG1089407,A368580616555527,USTCG1089407,"Asian Healing Music",none,none,"Best of Relaxing Meditation and Massage Music",none,"","",unknown,"",
TCAAR1029444,A307544474043928,TCAAR1029444,"Asian Lotus Flower Song",none,none,"Chinese Traditional Erhu Music",none,"","",unknown,"",
TCAAZ1168584,A469869552483565,TCAAZ1168584,"Asian Lullaby",none,none,"Asian Lullabies",none,"","",unknown,"",
TCAAR1026758,A147773460262656,TCAAR1026758,"Asian Massage",none,none,"Asian Zen",none,"","",unknown,"",
TCAAU1179855,A202407869840434,TCAAU1179855,"Asian Meditation",none,none,"Oriental Music",none,"","",unknown,"",
TCAAX1139212,A667551120669700,TCAAX1139212,"Asian Meditation Music",none,none,"Meditation Music",none,"","",unknown,"",
TCAAR1029430,A301331114484918,TCAAR1029430,"Asian Melody",none,none,"Chinese Traditional Erhu Music",none,"","",unknown,"",
USTCG1015542,A841339520915010,USTCG1015542,"Asian Music",none,859704029868,"Asian Traditional Music",World,"Indmusic-100","Indmusic-exclude",monetize,"",TRUE
TCAAW1184450,A871552971021297,TCAAW1184450,"Asian Music Academy",none,none,"Asian Traditional Music",none,"","",unknown,"",
TCAAX1191386,A926883976775362,TCAAX1191386,"Asian Music No 8",none,none,"Autumn Hill Production Music Library",none,"","",unknown,"",
TCAAX1191389,A471648160141484,TCAAX1191389,"Asian Music No. 10",none,none,"Autumn Hill Production Music Library",none,"","",unknown,"",
TCAAX1191391,A439972033374247,TCAAX1191391,"Asian Music No. 11",none,none,"Autumn Hill Production Music Library",none,"","",unknown,"",
TCAAX1191379,A737386754368132,TCAAX1191379,"Asian Music No. 2",none,none,"Autumn Hill Production Music Library",none,"","",unknown,"",
TCAAX1191380,A464697279850148,TCAAX1191380,"Asian Music No. 3",none,none,"Autumn Hill Production Music Library",none,"","",unknown,"",
TCAAX1191382,A305915881521941,TCAAX1191382,"Asian Music No. 4",none,none,"Autumn Hill Production Music Library",none,"","",unknown,"",
TCAAX1191383,A264519473381261,TCAAX1191383,"Asian Music No. 5",none,none,"Autumn Hill Production Music Library",none,"","",unknown,"",
TCAAX1191384,A432287932534735,TCAAX1191384,"Asian Music No. 6",none,none,"Autumn Hill Production Music Library",none,"","",unknown,"",
TCAAX1191385,A821876142892482,TCAAX1191385,"Asian Music No. 7",none,none,"Autumn Hill Production Music Library",none,"","",unknown,"",
TCAAX1191388,A510646110996636,TCAAX1191388,"Asian Music No. 9",none,none,"Autumn Hill Production Music Library",none,"","",unknown,"",
TCAAR1026772,A745017827954561,TCAAR1026772,"Asian Relaxation Song",none,none,"Asian Zen",none,"","",unknown,"",
TCAAW1188439,A853438859885399,TCAAW1188439,"Asian Restaurant Music",none,none,"Asian Traditional Music",none,"","",unknown,"",
TCAAZ1168591,A355380053107598,TCAAZ1168591,"Asian Sleep 2",none,none,"Asian Lullabies",none,"","",unknown,"",
TCAAY1165035,A276702084521950,TCAAY1165035,"Asian Sonic Ensemble",none,none,"Asian Zen: Spa Music Meditation",none,"","",unknown,"",
USTCG1073967,A329170369907379,USTCG1073967,"Asian Spa",none,none,"Spa, Relaxation and Dreams",none,"","",unknown,"",
TCAAY1165026,A357060863487248,TCAAY1165026,"Asian Spa Relaxation",none,none,"Asian Zen: Spa Music Meditation",none,"","",unknown,"",
TCAAR1026767,A119261928701807,TCAAR1026767,"Asian Spirits",none,none,"Asian Zen",none,"","",unknown,"",
TCAAY1164871,A268746647617663,TCAAY1164871,"Asian Station",none,none,"Zen Meditation and Yoga Music",none,"","",unknown,"",
TCAAW1152265,A948914108456601,TCAAW1152265,"Asian Taiko Drum",none,none,"Dance Class",none,"","",unknown,"",
TCAAU1178100,A913522181758238,TCAAU1178100,"Asian Taiko Drum Music",none,none,"Traditional Japanese Music",none,"","",unknown,"",
TCAAR1026759,A360242484408236,TCAAR1026759,"Asian Yoga Song",none,none,"Asian Zen",none,"","",unknown,"",
TCAAR1026756,A970358839100298,TCAAR1026756,"Asian Zen",none,none,"Asian Zen",none,"","",unknown,"",
TCAAW1183619,A901913814324791,TCAAW1183619,"Asian Zen Meditation",none,none,"Asian Traditional Music",none,"","",unknown,"",
TCAAW1184434,A639003395660512,TCAAW1184434,"Asian Zen Meditation 2",none,none,"Asian Traditional Music",none,"","",unknown,"",
TCAAW1184444,A867000853325829,TCAAW1184444,"Asian Zen Meditation And Relaxation",none,none,"Asian Traditional Music",none,"","",unknown,"",
TCAAY1165033,A872194138587252,TCAAY1165033,"Asian Zen Spa Music",none,none,"Asian Zen: Spa Music Meditation",none,"","",unknown,"",
TCAAU1184670,A553298940970276,TCAAU1184670,"Asian Zen Spa Music Meditation",none,none,"Zen Meditation",none,"","",unknown,"",
TCAAX1132037,A319112301226855,TCAAX1132037,"Asian Zen Spa Music Meditation 2",none,none,"Zen Spa Music: Asian Meditation",none,"","",unknown,"",
TCAAT1050956,A815739648997173,TCAAT1050956,"Asleep All Night",none,none,"Your Baby Sleep Help",none,"","",unknown,"",
USTCB0932381,A232971212307485,USTCB0932381,"At The Piano",none,none,"Michael Silverman",none,"","",unknown,"",
USTCC1096207,A460987238563784,USTCC1096207,"Atete Mite",none,none,"Japanese Relaxation and Meditation",none,"","",unknown,"",
TCAAR1013211,A320664335371702,TCAAR1013211,"Atlantic Ocean Sounds And Piano",none,none,"Sleep and Meditation Group",none,"","",unknown,"",
TCAAY1168592,A371330877190095,TCAAY1168592,"Atlantis",none,none,"Calypso Party",none,"","",unknown,"",
USTCG1081182,A376215410428505,USTCG1081182,"August Moon",none,none,"Dinner Party Music Series",none,"","",unknown,"",
USTCB0953576,A951832359682236,USTCB0953576,"Augusta",none,none,"Michael Silverman",none,"","",unknown,"",
TCAAR1012390,A318248753524621,TCAAR1012390,"Aum",none,none,"Om - Tibetan Relaxation",none,"","",unknown,"",
TCAAR1032341,A731455568189787,TCAAR1032341,"Aum 2 For Buddhism",none,none,"Relaxing Meditation Yoga Music for Buddhism",none,"","",unknown,"",
TCAAR1012391,A745604650552317,TCAAR1012391,"Aum 2",none,none,"Om - Tibetan Relaxation",none,"","",unknown,"",
TCAAR1012392,A635645207863583,TCAAR1012392,"Aum 3",none,none,"Om - Tibetan Relaxation",none,"","",unknown,"",
TCAAR1032342,A739865141147153,TCAAR1032342,"Aum 3 For Buddhism",none,none,"Relaxing Meditation Yoga Music for Buddhism",none,"","",unknown,"",
TCAAR1032824,A638136198743879,TCAAR1032824,"Aum Chant",none,none,"Timeless Buddha",none,"","",unknown,"",
TCAAR1032340,A374942194569700,TCAAR1032340,"Aum For Buddhism",none,none,"Relaxing Meditation Yoga Music for Buddhism",none,"","",unknown,"",
USTCE1000040,A638921090086398,USTCE1000040,"Autumn",none,none,"Classical Lullabies",none,"","",unknown,"",
USTC50817877,A572394238437927,USTC50817877,"Autumn Leaves Real Book Chord Changes",none,none,"Anthem Jazz Educator's Series",none,"","",unknown,"",
TCAAR1072854,A949972967540300,TCAAR1072854,"Autumn Leaves and Rain",none,859704501906,"Relaxing Sounds of Nature",Moods,"","",monetize,"",
TCAAS1034201,A803820952596540,TCAAS1034201,"Autumn Rain",none,none,"Relaxing Piano Music",none,"","",unknown,"",
USTCZ0941454,A633820776479693,USTCZ0941454,"Australian Lullaby",none,none,"Lullaby Piano",none,"","",unknown,"",
TCAAR1071571,A743178030157179,TCAAR1071571,"Autumn Wind and Rain",none,859704499111,"Nature Sounds & Native American Flute for Relaxing Sleep, Massage, Yoga & Spas",World,"Indmusic-100","Indmusic-exclude",monetize,"",TRUE
TCAAR1094882,A136995625509443,TCAAR1094882,"Autumn Stars",none,none,"Michael Silverman",none,"","",unknown,"",
TCAAR1072655,A319245107674522,TCAAR1072657,"Thunder and Rain for Sleep and Relaxation",none,859704501906,"Relaxing Sounds of Nature",Moods,"","",monetize,"",
USTCG1099037,A254057724045965,USTCG1099037,"Awakening",none,none,"Meditation",none,"","",unknown,"",
USTCD1086991,A204466332382955,USTCD1086991,"Awareness",none,none,"Music Therapy Center of Creve Couer",none,"","",unknown,"",
USTC50889587,A867439405601307,USTC50889587,"Awesome Drum Solo",none,859700805398,"Anthem Drums",Rock,"Indmusic-100","Indmusic-exclude",monetize,"",TRUE
USTC50889542,A846308421836040,USTC50889542,"Awesome Fusion Drum Solo By Rob Silverman",none,859700805398,"Anthem Drums",Rock,"Indmusic-100","Indmusic-exclude",monetize,"",TRUE
TCABS1325119,A439300395810272,TCABS1325119,"Babbling Brook",none,none,"Ahanu",none,"","",unknown,"",no status
TCAAR1072645,A515459564035781,TCAAR1072645,"Babbling Brook - Soothing, Flowing Water Sounds of a Mountain Stream",none,859704501906,"Relaxing Sounds of Nature",Moods,"","",monetize,"",
USTCF1077397,A561688611805372,USTCF1077397,"Baby Bach",none,none,"Smart Baby Lullaby",none,"","",unknown,"",
USTCF1077412,A402571481827939,USTCF1077412,"Baby Beethoven",none,none,"Smart Baby Lullaby",none,"","",unknown,"",
TCAAX1127918,A330303097233908,TCAAX1127918,"Baby Care",none,none,"Sleep Baby Sleep",none,"","",unknown,"",
TCAAR1034474,A640380367572097,TCAAR1034474,"Baby Falls Asleep With Soothing Sounds Of Crickets",none,none,"Nature Sounds and Lullabies for Baby Sleep",none,"","",unknown,"",
USTCG1071517,A948117815559797,USTCG1071517,"Baby Love In The Crib",none,none,"Sleep Baby Sleep",none,"","",unknown,"",
USTCF1077404,A865288555153903,USTCF1077404,"Baby Mozart",none,none,"Smart Baby Lullaby",none,"","",unknown,"",
USTCF1007065,A406517588619792,USTCF1007065,"Baby Music",none,none,"Sleep Baby Sleep",none,"","",unknown,"",
USTCF1007062,A541319450727351,USTCF1007062,"Baby Music 2",none,none,"Sleep Baby Sleep",none,"","",unknown,"",
USTCF1007063,A572815917481894,USTCF1007063,"Baby Music 3",none,none,"Sleep Baby Sleep",none,"","",unknown,"",
TCAAS1099212,A400795811355627,TCAAS1099212,"Baby Musical Wonder",none,none,"Classical Music For Genius Babies",none,"","",unknown,"",
TCAAS1099589,A200936706433583,TCAAS1099589,"Baby Musician",none,none,"Classical Music For Genius Babies",none,"","",unknown,"",
USTCF1007052,A907208415777249,USTCF1007052,"Baby Relaxation",none,none,"Sleep Baby Sleep",none,"","",unknown,"",
TCAAR1063876,A670321633531583,TCAAR1063876,"Baby Sleep",none,none,"Relaxation and Meditation",none,"","",unknown,"",
TCAAR1034419,A749033549642701,TCAAR1034419,"Baby Sleep (Music For Bedtime)",none,none,"Nature Sounds and Lullabies for Baby Sleep",none,"","",unknown,"",
TCAAX1128192,A656722000617068,TCAAX1128192,"Baby Sleep Aid",none,none,"Smart Baby Lullaby Music",none,"","",unknown,"",
TCAAT1050963,A775459209472551,TCAAT1050963,"Baby Sleep All Night",none,none,"Your Baby Sleep Help",none,"","",unknown,"",
TCAAX1127922,A148254227366404,TCAAX1127922,"Baby Sleep Care",none,none,"Sleep Baby Sleep",none,"","",unknown,"",
TCAAX1127924,A520344826350835,TCAAX1127924,"Baby Sleep Comforter",none,none,"Sleep Baby Sleep",none,"","",unknown,"",
TCAAR1078814,A839994586107507,TCAAR1078814,"Baby Sleep Lullabies",none,none,"Simplicity",none,"","",unknown,"",
TCAAX1128191,A669426534605541,TCAAX1128191,"Baby Sleep All Night Part 2",none,none,"Smart Baby Lullaby Music",none,"","",unknown,"",
TCAAR1078622,A105344037776284,TCAAR1078622,"Baby Sleep Music",none,none,"Deep Sleep",none,"","",unknown,"",
TCAAU1122344,A756246600049917,TCAAU1122344,"Baby Sleeping Wonder",none,none,"Your Baby Sleep Help",none,"","",unknown,"",
TCAAS1097820,A728169149593942,TCAAS1097820,"Baby Songs",none,none,"Classical Music For Genius Babies",none,"","",unknown,"",
TCAAR1034427,A221597040969905,TCAAR1034427,"Baby Water Music For Peacful Sleep",none,none,"Nature Sounds and Lullabies for Baby Sleep",none,"","",unknown,"",
USTCB0986041,A633337704356540,USTCB0986041,"Baby, Sleep Through The Night",none,none,"Smart Baby Lullaby",none,"","",unknown,"",
TCAAR1077727,A628017636644720,TCAAR1077727,"Bach/ Gounod: Ave Maria (From The Well Tempered Klavier)",none,none,"Michael Silverman and the Classical Jazz Quar",none,"","",unknown,"",
TCAAR1077733,A874137736907435,TCAAR1077733,"Bach: Cello Suite No, 1 In G: Prelude For 6 String Bass Guit",none,none,"Michael Silverman and the Classical Jazz Quar",none,"","",unknown,"",
TCAAX1161698,A977327287724857,TCAAX1161698,"Back Yard Paradise",none,none,"Pool Party",none,"","",unknown,"",
USTCG1067801,A914936739532007,USTCG1067801,"Background Spa Music",none,none,"Ahanu Healing Massage Music",none,"","",unknown,"",
TCAAY1175713,A857883892343919,TCAAY1175713,"Backround Music For Japanese Restaurant",none,none,"Japanese Restaurant Music Academy",none,"","",unknown,"",
TCAAX1155663,A772222469342653,TCAAX1155663,"Backround Nature Sounds",none,none,"Sounds of Nature",none,"","",unknown,"",
USTCG1072286,A132039039733901,USTCG1072286,"Backwoods",none,none,"Relaxing Piano Music Consort",none,"","",unknown,"",
TCAAX1113172,A966649528853199,TCAAX1113172,"Backyard",none,none,"Dubstep Consort",none,"","",unknown,"",
USTCD1042002,A606636994213747,USTCD1042002,"Backyard Beach Party",none,none,"Kids Party Crew",none,"","",unknown,"",
USTCF1097775,A622167310696181,USTCF1097775,"Badness",none,859703981594,"Rob Silverman",Jazz,"Indmusic-100","Indmusic-exclude",monetize,"",TRUE
USTCF1027583,A470142436556020,USTCF1027583,"Baekundae",none,none,"Seoul Music Ensemble",none,"","",unknown,"",
USTCG1076077,A674949201825236,USTCG1076077,"Bahama Breeze",none,none,"Steel Drum Band",none,"","",unknown,"",
USTCG1031698,A151012636690226,USTCG1031698,"Balance",none,none,"Ballet L'ï¿œcole",none,"","",unknown,"",
USTCG1095949,A578126433047227,USTCG1095949,"Balance - Thunder",none,none,"Celtic Spa Thunder and Lightning",none,"","",unknown,"",
USTCG1094318,A746629239864788,USTCG1094318,"Balances - Aura Lee",none,none,"Ballet L'ecole",none,"","",unknown,"",
USTCG1094317,A821933695182279,USTCG1094317,"Balances - Lavenders Blue - Ballet Classic",none,none,"Ballet L'ecole",none,"","",unknown,"",
TCABA1140055,A422123963620588,TCABA1140055,"Balancing The Chakra",none,none,"Tibetan Singing Bowl",none,"","",unknown,"",no status
USTCG1094325,A909683285344861,USTCG1094325,"Ballet",none,none,"Ballet L'ecole",none,"","",unknown,"",
USTCG1031691,A775611413868849,USTCG1031691,"Ballet Allegro",none,none,"Ballet L'ï¿œcole",none,"","",unknown,"",
USTCG1031700,A177828222036266,USTCG1031700,"Ballet Etude No. 1",none,none,"Ballet L'ï¿œcole",none,"","",unknown,"",
USTCG1031703,A931547078806972,USTCG1031703,"Ballet Etude No. 2",none,none,"Ballet L'ï¿œcole",none,"","",unknown,"",
TCAAT1053906,A173651483684796,TCAAT1053906,"Ballet Music",none,none,"Ballet Music",none,"","",unknown,"",
TCAAT1053898,A258377531597405,TCAAT1053898,"Ballet Recital",none,none,"Ballet Music",none,"","",unknown,"",
TCAAR1010588,A219536312117256,TCAAR1010588,"Bamboo",none,none,"Jamaican Reggae Party Crew",none,"","",unknown,"",
TCAAU1192619,A775620361532256,TCAAU1192619,"Bamboo Song",none,none,"Chinese Restaurant Music",none,"","",unknown,"",
TCAAW1144110,A915825607637140,TCAAW1144110,"Bang The Drum!",none,none,"Japanese Taiko Drums",none,"","",unknown,"",
TCAAS1003225,A400799796194074,TCAAS1003225,"Bang The Drums",none,none,"Bang - African Djembe Music",none,"","",unknown,"",
TCAAW1198025,A362075673134090,TCAAW1198025,"Bansuri",none,none,"Meditation Music",none,"","",unknown,"",
TCAAX1139205,A162103117370861,TCAAX1139205,"Bansuri Flute",none,none,"Meditation Music",none,"","",unknown,"",
TCAAX1138864,A240505718559303,TCAAX1138864,"Bansuri Flute Meditation",none,none,"Meditation Music",none,"","",unknown,"",
TCAAX1138844,A750956981287778,TCAAX1138844,"Bansuri Flute Meditation Music",none,none,"Meditation Music",none,"","",unknown,"",
TCAAR1004775,A376359027829965,TCAAR1004775,"Barranca Magnifica",none,none,"Mï¿œsica a Relajarse",none,"","",unknown,"",
USTCF1097781,A907965748096926,USTCF1097781,"Basement Beats",none,859703981594,"Rob Silverman",Jazz,"Indmusic-100","Indmusic-exclude",monetize,"",TRUE
TCAAW1162280,A864478974005486,TCAAW1162280,"Beach Body",none,none,"Samba Fitness",none,"","",unknown,"",
TCAAX1160722,A407366045136868,TCAAX1160722,"Beach Breeaze",none,none,"Steel Drums Caribbean Beach Party",none,"","",unknown,"",
USTCD1042001,A627794573421068,USTCD1042001,"Beach Chill Out",none,none,"Kids Party Crew",none,"","",unknown,"",
USTCG1076074,A836833914394444,USTCG1076074,"Beach Dreams",none,none,"Steel Drum Band",none,"","",unknown,"",
USTC90961051,A758279101886227,USTC90961051,"Beach Party",none,none,"Hawaiian Music Party Squad",none,"","",unknown,"",
TCAAR1001172,A936510725343873,TCAAR1001172,"Beach Reiki",none,none,"Reiki",none,"","",unknown,"",
USTC90961173,A703437780196079,USTC90961173,"Beach Sunrise",none,none,"Hawaiian Music Party Squad",none,"","",unknown,"",
TCAAU1133367,A659792561998090,TCAAU1133367,"Beach Sunset",none,none,"Romantic Dinner Party Music Masters",none,"","",unknown,"",
TCAAW1162270,A613588796740211,TCAAW1162270,"Beach Workout",none,none,"Samba Fitness",none,"","",unknown,"",
USTCE1082840,A725059636815363,USTCE1082840,"Beaches And Brew",none,none,"Hawaiian Magic",none,"","",unknown,"",
TCAAW1197473,A154969000149370,TCAAW1197473,"Beat the Drum",none,none,"African",none,"","",unknown,"",
USTCG1071533,A739740132135268,USTCG1071533,"Beautiful Baby",none,none,"Sleep Baby Sleep",none,"","",unknown,"",
USTCF1007025,A867038927242749,USTCF1007025,"Beautiful Bird Song",none,none,"Sleep Baby Sleep",none,"","",unknown,"",
TCAAW1184438,A922995297004885,TCAAW1184438,"Beautiful Celebration",none,none,"Asian Traditional Music",none,"","",unknown,"",
USTCG1081180,A801739153161183,USTCG1081180,"Beautiful Evening",none,none,"Dinner Party Music Series",none,"","",unknown,"",
TCAAU1178088,A114358917599350,TCAAU1178088,"Beautiful Lights",none,none,"Traditional Japanese Music",none,"","",unknown,"",
USTC60811407,A504209120685604,USTC60811407,"Beautiful Meditation",none,none,"Ahanu Sleep Music",none,"","",unknown,"",
TCAAU1135192,A523682160496085,TCAAU1135192,"Beautiful Music",none,none,"Romantic Dinner Party Music",none,"","",unknown,"",
USTCG1019275,A936912591993627,USTCG1019275,"Beautiful Rain Massage Music",none,none,"Relaxing Music Company",none,"","",unknown,"",
USTCB0957993,A349407036742014,USTCB0957993,"Beautiful Savior",none,none,"Michael Silverman",none,"","",unknown,"",
TCAAR1023426,A726476701195261,TCAAR1023426,"Beautiful Slumber",none,none,"Deep Sleep Relaxation",none,"","",unknown,"",
TCAAR1034476,A918275273652006,TCAAR1034476,"Beautiful Sound Of Crickets To Sleep Easily",none,none,"Nature Sounds and Lullabies for Baby Sleep",none,"","",unknown,"",
USTC60810009,A741468618551901,USTC60810009,"Beautiful Spa Music",none,none,"Ahanu Music for Spa, Massage, Meditation, Tai Chi and Relaxation",none,"","",unknown,"",
USTCD1082988,A626221773984743,USTCD1082988,"Beautiful Sunrise",none,none,"Caribbean Music For Relaxation and Stress Rel",none,"","",unknown,"",
USTCD1090158,A122496688830702,USTCD1090158,"Beautiful Tibetan Bowls Melody",none,none,"Ahanu Tibetan Singing Bowls",none,"","",unknown,"",
USTC50817916,A861213573937569,USTC50817916,"Bebop Rhythm Section In G Oscar Peterson Style",none,none,"Anthem Jazz Educator's Series",none,"","",unknown,"",
USTCF1007049,A612467208721956,USTCF1007049,"Bedtime Baby",none,none,"Sleep Baby Sleep",none,"","",unknown,"",
USTCF1007059,A619982797430881,USTCF1007059,"Bedtime Baby Music",none,none,"Sleep Baby Sleep",none,"","",unknown,"",
USTCB0986042,A338589862698652,USTCB0986042,"Bedtime Lullaby",none,none,"Smart Baby Lullaby",none,"","",unknown,"",
USTCC1043034,A704040237458795,USTCC1043034,"Bedtime Music",none,none,"Bedtime Baby",none,"","",unknown,"",
USTCB0986040,A834498408696509,USTCB0986040,"Bedtime Song",none,none,"Smart Baby Lullaby",none,"","",unknown,"",
USTCB0986037,A325237850818544,USTCB0986037,"Bedtime Songs: Classical Baby",none,none,"Smart Baby Lullaby",none,"","",unknown,"",
USTCB0986035,A672627798643391,USTCB0986035,"Bedtime Songs: Lullaby Baby",none,none,"Smart Baby Lullaby",none,"","",unknown,"",
USTCB0986039,A304593003610517,USTCB0986039,"Bedtime Songs: My Blanket",none,none,"Smart Baby Lullaby",none,"","",unknown,"",
USTCB0986036,A630557338562840,USTCB0986036,"Bedtime Songs: Sleep, Baby, Sleep",none,none,"Smart Baby Lullaby",none,"","",unknown,"",
TCAAX1148918,A658957838073375,undefined,"Beethoven Fur Elise - Bagatelle In A Minor Woo 59",none,none,"none",none,"","",unknown,"",no status
TCAAX1148918,A400579559760716,TCAAX1148918,"Beethoven Fur Elise - Bagatelle In A Minor Woo 59",none,none,"Relaxing Piano Music",Instrumental,"","",unknown,"",
USTC40869703,A176466164539381,USTC40869703,"Beethoven'S Fifth Symphony (Ludwig Van Beethoven: Symphony 5",none,none,"Bach to the Future",none,"","",unknown,"",
USTCC1093844,A819776366428391,USTCC1093844,"Beijing",none,none,"Chinese Relaxation and Meditation",none,"","",unknown,"",
TCAAR1031781,A803238406838907,TCAAR1031781,"Bella At The Ocean",none,none,"Relaxation Music With Nature Sounds",none,"","",unknown,"",
TCAAX1132017,A267987250413871,TCAAX1132017,"Beijing Sounds",none,none,"Zen Spa Music: Asian Meditation",none,"","",unknown,"",
USTCB0931391,A571942870004187,USTCB0931391,"Bella'S Choice",none,none,"none",none,"","",unknown,"",no status
USTCB0931397,A730486236483140,USTCB0931397,"Bella'S Lament",none,none,"none",none,"","",unknown,"",no status
USTCG1060447,A145967024309814,USTCG1060447,"BELLA'S LULLABY",none,none,"none",none,"","",unknown,"",
USTCB0943190,A431194699236540,USTCB0943190,"Bella'S Thoughts",none,none,"Michael Silverman",none,"","",unknown,"",no status
TCAAR1004793,A370720049554800,TCAAR1004793,"Belleza Durmiente",none,none,"Mï¿œsica a Relajarse",none,"","",unknown,"",
USTC50831160,A463879820011608,USTC50831160,"Belly Dance (West African Drums)",none,859700704974,"All Star African Drum Ensemble",World,"Indmusic-100","Indmusic-exclude",monetize,"",TRUE
TCAAW1162296,A208445735567726,TCAAW1162296,"Belly Dance Beat",none,none,"Samba Fitness",none,"","",unknown,"",
USTC50831147,A724121278673496,USTC50831147,"Belly Dance Drumming",none,859700704974,"All Star African Drum Ensemble",World,"Indmusic-100","Indmusic-exclude",monetize,"",TRUE
USTC50831153,A668347181228188,USTC50831153,"Belly Dance Drums (Greek, Middle Eastern)",none,859700704974,"All Star African Drum Ensemble",World,"Indmusic-100","Indmusic-exclude",monetize,"",TRUE
TCAAR1016154,A645651860843131,TCAAR1016154,"Beloved Baby",none,none,"Prenatal Music for Yoga and Relaxation",none,"","",unknown,"",
TCAAS1046441,A206128721548022,TCABS1324850,"Rain Spa",none,859711672231,"Michael Silverman",Moods,"Indmusic-100","Indmusic-exclude",monetize,"",TRUE
USTCG1099040,A976293649512267,USTCG1099040,"Benzaiten",none,none,"Meditation",none,"","",unknown,"",
TCAAZ1120839,A903039918090042,TCAAZ1120839,"Best Classical Music For Meditation",none,none,"Ludwig Cousteau",none,"","",unknown,"",
TCAAR1034530,A138704621154850,TCAAR1034530,"Best Hawaiian Luau",none,none,"Tropical Party Music",none,"","",unknown,"",
TCAAT1097617,A371580167814040,TCAAT1097617,"Best Nature Sounds",none,none,"Ahanu Nature Sounds",none,"","",unknown,"",
TCAAW1147966,A236846668086616,TCAAW1147966,"Best Of Relaxing Meditation And Massage Music",none,none,"Massage Music",none,"","",unknown,"",
TCAAZ1130680,A438606544161572,TCAAZ1130680,"Best Relaxing Music",none,none,"Relaxation Spa Music Masters",none,"","",unknown,"",
TCABB1126548,A851803833488842,TCABB1126548,"Best Relaxing Music No. 2",none,none,"Healing Massage Spa",none,"","",unknown,"",
TCAAX1139949,A564205797279197,TCAAX1139949,"Best Relaxing Spa Music",none,none,"New Age Spirituality",none,"","",unknown,"",
TCABA1126420,A937892472701758,TCABA1126420,"Best White Noise",none,none,"Sleep With White Noise",none,"","",unknown,"",
TCAAX1128193,A914048867188200,TCAAX1128193,"Better Baby Sleep",none,none,"Smart Baby Lullaby Music",none,"","",unknown,"",
TCAAX1127928,A934222428218482,TCAAX1127928,"Better Sleep Baby",none,none,"Sleep Baby Sleep",none,"","",unknown,"",
USTCG1020547,A404628601529625,USTCG1020547,"Beyond The Floor Tom",none,none,"Rob Silverman",none,"","",unknown,"",
TCAAU1173548,A935169002271048,TCAAU1173548,"Bianaural Tones With Two Gongs",none,none,"Zen Meditation",none,"","",unknown,"",
USTCF1027502,A967816520540228,USTCF1027502,"Bibimbob",none,none,"Seoul Music Ensemble",none,"","",unknown,"",
TCAAS1002723,A904995470057785,TCAAS1002723,"Big African Drums",none,none,"Bang - African Djembe Music",none,"","",unknown,"",
TCAAT1036965,A514571357037116,TCAAT1036965,"Big City Swingin'",none,none,"Michael Silverman Jazz Piano Trio",none,"","",unknown,"",
USTCB0953580,A329390017754701,USTCB0953580,"Big Sky",none,none,"Michael Silverman",none,"","",unknown,"",
TCAAY1198085,A640557005588246,TCAAY1198085,"Big Tibetan Singing Bowl",none,none,"Zen Meditation",none,"","",unknown,"",
TCAAX1160713,A927540885173078,TCAAX1160713,"Bikini Beach Party",none,none,"Steel Drums Caribbean Beach Party",none,"","",unknown,"",
TCAAU1173554,A164247240694294,TCAAU1173554,"Binaural Om Tone",none,none,"Zen Meditation",none,"","",unknown,"",
TCAAU1172339,A808574760996889,TCAAU1172339,"Binaural Tones",none,none,"Zen Meditation",none,"","",unknown,"",
TCAAY1198083,A313299521335057,TCAAY1198083,"Binaural Tones And Soothing Ambience",none,none,"Zen Meditation",none,"","",unknown,"",
USTCB0957981,A527509558691013,USTCB0957981,"Bird Song",none,none,"Michael Silverman",none,"","",unknown,"",
TCAAR1012990,A123502223653095,TCAAR1012990,"Bird Song 2",none,none,"Sleep and Meditation Group",none,"","",unknown,"",
TCAAR1034421,A405063424785836,TCAAR1034421,"Bird Song For Babies' Sleeping",none,none,"Nature Sounds and Lullabies for Baby Sleep",none,"","",unknown,"",
USTCG1074344,A139395081695440,USTCG1074344,"Bird Song for Spa and Relaxation",none,none,"Spa, Relaxation and Dreams",none,"","",unknown,"",
USTCG1089412,A516673491267544,USTCG1089412,"Bird Song Music",none,none,"Best of Relaxing Meditation and Massage Music",none,"","",unknown,"",
USTCG1089399,A508746244183091,USTCG1089399,"Bird Song: Forest And Trees",none,none,"Best of Relaxing Meditation and Massage Music",none,"","",unknown,"",
TCAAX1180821,A312057030429155,TCAAX1180821,"Bird Songs From The Amazon Rain Forest",none,none,"Thunderstorm",none,"","",unknown,"",
TCAAX1144846,A307779557052434,TCAAX1144846,"Birds And Music",none,none,"Newborn Baby Lullabies",none,"","",unknown,"",
TCAAR1001155,A635546533911323,TCAAR1001155,"Birds And Nature Music",none,none,"Reiki",none,"","",unknown,"",
TCAAW1188466,A951476488474414,TCAAW1188466,"Bistro Music",none,none,"Asian Traditional Music",none,"","",unknown,"",
TCAAW1137348,A346456764513841,TCAAW1137348,"Black Swan",none,none,"Classical Chill Out",none,"","",unknown,"",
USTC60828513,A156895748186925,USTC60828513,"Blackfoot Indian Rain Dance Drums",none,none,"American Indian Music",none,"","",unknown,"",
USTCD1059461,A250588806879815,USTCD1059461,"Blast Off",none,none,"Prog",none,"","",unknown,"",
USTC50831191,A529534561392752,USTC50831191,"Blast!",none,859700704974,"All Star African Drum Ensemble",World,"Indmusic-100","Indmusic-exclude",monetize,"",TRUE
TCAAS1028620,A315503420892505,TCAAS1028620,"Blessed Land (Native American Flute)",none,none,"Tribe: Native American Drums and Flute Music",none,"","",unknown,"",
USTCG1087731,A602212974337240,USTCG1087731,"Bliss",none,none,"Yoga Healing",none,"","",unknown,"",
TCAAR1020208,A705337687875849,TCAAR1020208,"Blissful Escape: Ocean Waves And Piano For Relaxation",none,none,"Natural White Noise for Sleep, Relaxation, Sp",none,"","",unknown,"",
TCAAR1001128,A540295635033594,TCAAR1001128,"Blissful Moments",none,none,"Nature Piano",none,"","",unknown,"",
TCABS1325148,A237828471493089,TCABS1325148,"Blow Dryer On High White Noise",none,none,"Ahanu",none,"","",unknown,"",no status
USTCE1089940,A208348554257240,USTCE1089940,"Blue Sea",none,none,"Pirates of the Caribbean Steel Drum Band",none,"","",unknown,"",
TCAAX1115353,A115395858994861,TCAAX1115353,"Blue Lake",none,none,"Perfect Relaxation",none,"","",unknown,"",
TCAAR1031224,A932116533176768,TCAAR1031224,"Blues",none,none,"Blues Crusaders",none,"","",unknown,"",
USTCD1040536,A846794406687353,USTCD1040536,"Blues For Canal Street",none,none,"Michael Silverman Jazz Piano Trio",none,"","",unknown,"",
USTCD1039451,A517680041207669,USTCD1039451,"Blues for a Rainy Day",none,859702598755,"The Michael Silverman Blues Piano Trio",Blues,"Indmusic-100","Indmusic-exclude",monetize,"",TRUE
USTCD1040535,A220376881455921,USTCD1040535,"Blues For Kermit",none,none,"Michael Silverman Jazz Piano Trio, Michael Si",none,"","",unknown,"",
USTCD1039453,A624751455531796,USTCD1039453,"Blues for Miles Davis",none,859702598755,"The Michael Silverman Blues Piano Trio",Blues,"Indmusic-100","Indmusic-exclude",monetize,"",TRUE
USTCD1039452,A316251029802412,USTCD1039452,"Blues for Miles Davis Part 2",none,859702598755,"The Michael Silverman Blues Piano Trio",Blues,"Indmusic-100","Indmusic-exclude",monetize,"",TRUE
TCAAR1031800,A616661885007905,TCAAR1031800,"Blues For Sleep And Relaxation",none,none,"Blues Spa",none,"","",unknown,"",
TCAAR1031816,A902503803243359,TCAAR1031816,"Blues For Tai Chi",none,none,"Blues Spa",none,"","",unknown,"",
USTCD1040540,A960834070728133,USTCD1040540,"Blues For The Soul",none,none,"Michael Silverman Jazz Piano Trio",none,"","",unknown,"",
USTCD1039454,A139542834150198,USTCD1039454,"Blues For Thelonious Monk",none,859702598755,"The Michael Silverman Blues Piano Trio",Blues,"Indmusic-100","Indmusic-exclude",monetize,"",TRUE
USTCD1039455,A645235732242710,USTCD1039455,"Blues For Thelonious Monk Part 2",none,859702598755,"The Michael Silverman Blues Piano Trio",Blues,"Indmusic-100","Indmusic-exclude",monetize,"",TRUE
TCAAR1031797,A329789620677507,TCAAR1031797,"Blues For Yoga",none,none,"Blues Spa",none,"","",unknown,"",
TCAAR1031227,A660148927793821,TCAAR1031227,"Blues In Central Park",none,none,"Blues Crusaders",none,"","",unknown,"",
USTCD1039457,A157467466478863,USTCD1039457,"Blues Jazz Swing",none,859702598755,"The Michael Silverman Blues Piano Trio",Blues,"Indmusic-100","Indmusic-exclude",monetize,"",TRUE
USTCG1064204,A531234512404427,USTCG1064204,"Blues Massage And Yoga",none,none,"Yoga Jazz Music",none,"","",unknown,"",
TCAAR1031799,A447813593493068,TCAAR1031799,"Blues Meditation",none,none,"Blues Spa",none,"","",unknown,"",
USTCD1072136,A131760786128970,USTCD1072136,"Blues Piano Improv",none,none,"The Michael Silverman Jazz Piano Trio",none,"","",unknown,"",
TCAAX1197560,A674192715960240,TCAAX1197560,"Blues Piano",none,none,"Autumn Hill Production Music Library",none,"","",unknown,"",
TCAAT1036977,A357379342733768,TCAAT1036977,"Blues Piano Improv No 2",none,none,"Michael Silverman Jazz Piano Trio",none,"","",unknown,"",
TCAAU1118428,A531553901849042,TCAAU1118428,"Blues Piano Improv No.1",none,none,"Jazz Piano Piano Essentials",none,"","",unknown,"",
USTCD1039458,A173207080511829,USTCD1039458,"Blues Solo Piano",none,859702598755,"The Michael Silverman Blues Piano Trio",Blues,"Indmusic-100","Indmusic-exclude",monetize,"",TRUE
USTCD1082989,A812950767236329,USTCD1082989,"Boat Drinks And Time",none,none,"Caribbean Music For Relaxation and Stress Rel",none,"","",unknown,"",
TCABA1142133,A866550035280606,TCABA1142133,"Body And Spirit",none,none,"Kama Sutra Massage",none,"","",unknown,"",
USTCD1086456,A564133550390420,USTCD1086456,"Body Definition: Find Your Center",none,859703304379,"Pilates L'école",Moods,"Indmusic-100","Indmusic-exclude",monetize,"",TRUE
USTCD1086429,A751715305074577,USTCD1086429,"Body Sculpting: Concentration",none,859703304379,"Pilates L'école",Moods,"Indmusic-100","Indmusic-exclude",monetize,"",TRUE
USTCD1086432,A421944987147664,USTCD1086432,"Body, Mind, and Spirit",none,859703304379,"Pilates L'école",Moods,"Indmusic-100","Indmusic-exclude",monetize,"",TRUE
USTCE1004571,A100524467283507,USTCE1004571,"Body, Mind, Heart & Soul",none,none,"Meditation Spa",none,"","",unknown,"",
TCAAT1062911,A508279099515991,TCAAT1062911,"Bon Appetit",none,none,"Restaurant Music",none,"","",unknown,"",
USTCF1027584,A514922731345090,USTCF1027584,"Bongeunsa Temple",none,none,"Seoul Music Ensemble",none,"","",unknown,"",
TCAAS1003213,A514571587703802,TCAAS1003213,"Boom Boom",none,none,"Bang - African Djembe Music",none,"","",unknown,"",
TCAAS1082882,A554546885790932,TCAAS1082882,"Born Again",none,none,"Jesus Christ",none,"","",unknown,"",
TCAAZ1113501,A120263969010429,TCAAZ1113501,"Bowls - Authentic Tibetan Singing Bowls",none,none,"Tibetan Meditation Masters",none,"","",unknown,"",
TCAAU1106598,A712647533585018,TCAAU1106598,"Brain Power",none,none,"Study Music",none,"","",unknown,"",
TCAAR1010440,A464165793955951,TCAAR1010440,"Brave Heart",none,859704322235,"Native American Flute",World,"Indmusic-100","Indmusic-exclude",monetize,"",TRUE
TCAAU1121699,A553943703883968,TCAAU1121699,"Brazil",none,none,"World Music For The New Age",none,"","",unknown,"",
TCAAW1156346,A308158681504017,TCAAW1156346,"Brazilian",none,none,"World Beat",none,"","",unknown,"",
TCAAY1112172,A566219567635866,TCAAY1112172,"Brazilian Bikini Workout",none,none,"Workout Hits",none,"","",unknown,"",no status
TCAAW1156352,A812441218650505,TCAAW1156352,"Brazilian Carnaval",none,none,"World Beat",none,"","",unknown,"",
TCAAT1035374,A750467469077911,TCAAT1035374,"Brazilian Christmas Fantasy",none,none,"Michael Silverman Jazz Piano Trio",none,"","",unknown,"",
TCAAW1162287,A842620858935199,TCAAW1162287,"Brazilian Dance Party Workout",none,none,"Samba Fitness",none,"","",unknown,"",
TCAAX1197561,A370014008596207,TCAAX1197561,"Brazilian Jazz",none,none,"Autumn Hill Production Music Library",none,"","",unknown,"",
USTCD1069668,A269492843661747,USTCD1069668,"Brazilian Jazz Fantasy",none,none,"Michael Silverman Jazz Piano Trio",none,"","",unknown,"",
TCAAW1152308,A550069730504685,TCAAW1152308,"Brazilian Samba Drums",none,none,"Dance Class",none,"","",unknown,"",
TCAAR1031808,A868453952772542,TCAAR1031808,"Brazilian Spa Fantasy",none,none,"Blues Spa",none,"","",unknown,"",
USTCG1064205,A665296082933296,USTCG1064205,"Brazilian Yoga Fantasy",none,none,"Yoga Jazz Music",none,"","",unknown,"",
USTCB0931410,A966650819483790,USTCB0931410,"Breaking Dawn",none,none,"none",none,"","",unknown,"",no status
USTCD1082992,A800239542793723,USTCD1082992,"Breathe",none,none,"Caribbean Music For Relaxation and Stress Rel",none,"","",unknown,"",
USTCE1096776,A857704220884146,USTCE1096776,"Breathing",none,none,"Nature Sounds Meditation",none,"","",unknown,"",
USTCD1026703,A414841986143921,USTCE1003605,"Moon and Stars Healing Sounds for Energy Balance and Yoga",none,859703360351,"Meditation Spa",Moods,"Indmusic-100","Indmusic-exclude",monetize,"",TRUE
USTCD1062370,A856813491350069,USTCD1062370,"Bridal Chorus",none,none,"Michael Silverman",none,"","",unknown,"",
USTCD1088634,A434970652871017,USTCD1088634,"Brow Chakra: High Tibetan Singing Bowl Harmonics",none,none,"Tibetan Singing Bowls for Relaxation, Meditation and Chakra Balancing",none,"","",unknown,"",
TCAAR1034588,A210556247164393,TCAAR1034588,"Buddha Dreams",none,none,"Relaxation and Meditation",none,"","",unknown,"",
TCAAR1012404,A823574034381485,TCAAR1012404,"Buddhist Flute Melody",none,none,"Om - Tibetan Relaxation",none,"","",unknown,"",
TCAAR1034575,A855883789536026,TCAAR1034575,"Buddhist Generosity",none,none,"Relaxation and Meditation",none,"","",unknown,"",
TCAAW1189677,A538393118786245,TCAAW1189677,"Buff",none,none,"Workout",none,"","",unknown,"",
USTCF1027571,A308750188294390,USTCF1027571,"Buddhist Melody",none,none,"Seoul Music Ensemble",none,"","",unknown,"",
TCAAR1076369,A849813985439597,TCAAR1076369,"Burkina Faso African Rythms",none,none,"African Drums",none,"","",unknown,"",
TCAAS1003238,A361696938088428,TCAAS1003238,"Burkina Faso Music",none,none,"Bang - African Djembe Music",none,"","",unknown,"",
TCAAW1189666,A671579080564742,TCAAW1189666,"Burn",none,none,"Workout",none,"","",unknown,"",
TCAAW1162271,A935854482198225,TCAAW1162271,"Burn Baby",none,none,"Samba Fitness",none,"","",unknown,"",
USTCB0931395,A560397500085245,USTCB0931395,"Burning In The Sun",none,none,"none",none,"","",unknown,"",no status
TCAAS1016446,A657029372627993,TCAAS1016446,"Bury The Bone",none,none,"World Pet Music",none,"","",unknown,"",
USTCG1070336,A929599931392788,USTCG1070336,"Butterflies",none,none,"New Age Piano Masters",none,"","",unknown,"",
TCAAX1113174,A105597740377450,TCAAX1113174,"Buy One, Get One",none,none,"Dubstep Consort",none,"","",unknown,"",
USTCE1004560,A865661052159391,USTCE1004560,"By The River",none,none,"Meditation Spa",none,"","",unknown,"",
TCAAR1043910,A268376634136392,TCAAR1043910,"Cafe Mocha",none,none,"Smooth Jazz Spa",none,"","",unknown,"",
TCAAY1168584,A127553117601716,TCAAY1168584,"Calipso",none,none,"Calypso Party",none,"","",unknown,"",
TCAAR1071836,A239449681480579,TCAAR1072650,"Rainforest Sounds",none,859704501906,"Relaxing Sounds of Nature",Moods,"","",monetize,"",
USTCG1087748,A271544901443534,USTCG1087748,"Call Of The Canyon",none,none,"Yoga Healing",none,"","",unknown,"",
TCAAR1023330,A631413885384940,TCAAR1023330,"Call Of The Eagle",none,none,"Lullabies for Deep Meditation",none,"","",unknown,"",
TCAAR1010527,A136107282245811,TCAAR1010527,"Callaloo",none,none,"Jamaican Reggae Party Crew",none,"","",unknown,"",
TCAAS1000492,A659874123642055,TCAAS1000492,"Calling To The Forest (Native American Flute Song)",none,none,"Tribe: Native American Drums and Flute Music",none,"","",unknown,"",
